backoff_db,sqrt2_avg_error,sqrt2_max_error,sqrt2_avg_sqnr,div2_avg_error,div2_max_error,div2_avg_sqnr,collect_avg_error,collect_max_error,collect_avg_sqnr
1.0,9601.916327,76499.279093,8.761,13472.250158,75924.356098,6.183,2809.516328,75352.404282,13.242
2.0,7773.548894,67295.146668,9.833,11572.583843,67529.192096,6.832,2031.530059,67024.740017,14.616
3.0,5581.301649,58464.285531,11.586,9243.679221,58617.644083,7.863,1254.118443,58122.92239,16.755
4.0,3407.521048,48588.427505,14.253,6819.558759,48729.559399,9.371,655.57955,48238.767247,19.973
5.0,1757.921838,39761.773207,17.791,4757.563394,39971.310957,11.272,307.570794,39429.292488,25.108
6.0,726.063786,31793.702113,22.915,3055.612607,32108.912834,13.703,126.520714,31578.125572,36.89
7.0,230.38053,24661.566818,34.797,1717.381827,25078.51511,16.86,44.403602,24580.629297,56.747
8.0,56.052196,18362.659137,57.408,771.586158,18827.126601,21.076,13.51566,18343.597343,73.667
9.0,11.390452,12785.906527,72.957,286.272364,13455.40606,28.436,3.914283,12785.905545,80.898
10.0,2.738847,7831.975436,77.854,91.711543,9450.364315,46.645,1.605928,7831.975343,82.376
11.0,1.299357,3416.681371,78.334,22.295341,6363.518262,67.353,0.874934,3416.681226,82.271
12.0,1.071855,4.217084,77.924,4.234878,3889.566267,77.382,0.727516,2.101135,81.568
13.0,1.033686,3.793535,77.235,1.193922,1684.934672,79.271,0.721827,1.961959,80.65
14.0,1.003216,3.927495,76.505,0.799246,213.499273,78.748,0.716398,1.960677,79.723
15.0,0.978593,3.752655,75.719,0.769778,2.714135,77.836,0.712031,1.890945,78.784
16.0,0.95857,3.519601,74.899,0.766485,2.812344,76.86,0.709777,1.764328,77.813
17.0,0.943975,3.380879,74.042,0.763366,2.691883,75.89,0.709423,1.942768,76.828
18.0,0.930756,3.366712,73.153,0.762971,2.763023,74.899,0.705404,1.757292,75.878
19.0,0.924046,3.176128,72.222,0.760306,2.642305,73.931,0.705647,1.815495,74.876
20.0,0.916843,3.226943,71.289,0.759439,2.640694,72.943,0.701099,1.714898,73.932
21.0,0.913264,3.353217,70.333,0.755944,3.001871,71.981,0.703018,1.681158,72.916
22.0,0.908383,3.683717,69.373,0.758081,2.729927,70.954,0.699995,1.842741,71.948
23.0,0.90514,3.142741,68.412,0.756826,2.619937,69.979,0.702484,1.647057,70.932
24.0,0.903527,3.286465,67.425,0.755463,2.786266,68.986,0.700813,1.729576,69.947
25.0,0.89914,3.598749,66.463,0.75577,2.810405,67.978,0.700623,1.69077,68.948
26.0,0.898685,3.125405,65.473,0.755259,2.913033,66.992,0.697536,1.720801,67.983
27.0,0.896365,3.210598,64.487,0.757928,2.757164,65.963,0.699944,1.636427,66.957
28.0,0.894227,3.232588,63.515,0.75608,2.776622,64.974,0.699156,1.775536,65.974
29.0,0.890575,3.311666,62.542,0.750685,2.751358,64.035,0.69828,1.639961,64.977
30.0,0.891334,3.162198,61.54,0.755535,2.589158,62.98,0.698923,1.658325,63.971
31.0,0.896241,3.41337,60.488,0.755387,2.996248,61.988,0.697918,1.705135,62.984
32.0,0.895132,3.585492,59.505,0.756066,2.723627,60.979,0.699607,1.612015,61.971
33.0,0.890922,3.20918,58.545,0.751643,2.691807,60.038,0.699491,1.731201,60.966
34.0,0.889335,3.427714,57.564,0.751964,3.079255,59.021,0.698071,1.657412,59.979
35.0,0.893275,2.941928,56.522,0.756156,2.669413,57.983,0.696784,1.660416,58.998
36.0,0.889046,3.543824,55.562,0.75567,2.75203,56.979,0.697139,1.699193,57.993
37.0,0.888575,3.19644,54.562,0.754485,3.021852,56.001,0.698394,1.614507,56.984
38.0,0.893883,3.232737,53.52,0.752672,2.625581,55.01,0.69779,1.66494,55.988
39.0,0.888933,3.304944,52.553,0.755882,2.678089,53.981,0.696314,1.623388,54.998
40.0,0.89454,3.284866,51.515,0.752474,2.873047,53.027,0.698415,1.61798,53.984
41.0,0.892971,3.075844,50.535,0.754035,2.763033,52.0,0.695473,1.665838,53.011
42.0,0.890464,3.107597,49.548,0.754734,2.511548,50.995,0.69654,1.675035,51.994
43.0,0.892173,3.363406,48.525,0.755857,2.614521,49.982,0.698678,1.715846,50.975
44.0,0.891293,3.42247,47.543,0.755795,2.879622,48.991,0.700246,1.66665,49.96
45.0,0.892187,3.320732,46.523,0.752912,2.635859,48.019,0.697677,1.659226,48.987
46.0,0.888607,3.377282,45.567,0.755985,2.679782,46.983,0.698042,1.680704,47.99
47.0,0.887103,3.383354,44.578,0.753044,2.716966,46.008,0.69759,1.639182,46.986
48.0,0.892208,3.271029,43.538,0.755486,2.733057,44.985,0.697934,1.703164,45.988
49.0,0.891171,3.542733,42.542,0.755412,3.056542,43.988,0.696847,1.661212,44.996
50.0,0.890476,3.078613,41.552,0.755172,2.757099,42.991,0.698928,1.619572,43.976
51.0,0.889548,3.245205,40.562,0.754136,2.720982,42.006,0.698929,1.674215,42.977
52.0,0.890001,3.407176,39.543,0.752835,2.82998,41.02,0.698711,1.657934,41.971
53.0,0.891168,3.162278,38.539,0.756533,2.591809,39.977,0.699945,1.768779,40.971
54.0,0.891433,3.404252,37.546,0.754459,2.871228,39.001,0.696941,1.638367,39.985
55.0,0.887892,3.585361,36.575,0.75648,3.091135,37.987,0.698772,1.626471,38.979
56.0,0.888869,3.813296,35.562,0.753608,2.729735,37.002,0.7007,1.615491,37.956
57.0,0.889162,3.360905,34.557,0.755735,2.949264,35.977,0.697857,1.648592,36.98
58.0,0.891862,3.671591,33.545,0.75119,2.596917,35.037,0.695147,1.641361,36.016
59.0,0.888823,3.22035,32.572,0.753919,2.62329,33.998,0.698664,1.598732,34.98
60.0,0.89237,3.457329,31.534,0.755081,2.780869,32.998,0.696825,1.627695,33.992
61.0,0.890621,3.122827,30.551,0.754133,2.955212,31.999,0.69862,1.70543,32.98
62.0,0.892385,3.731072,29.542,0.754607,2.712456,31.003,0.698496,1.670412,31.973
63.0,0.890227,3.354386,28.551,0.75272,2.708466,30.021,0.696333,1.678188,30.998
64.0,0.890858,3.097366,27.546,0.754814,2.71278,28.991,0.699222,1.709293,29.972
65.0,0.891061,3.123041,26.548,0.755178,2.69724,27.989,0.698326,1.63552,28.98
66.0,0.888892,3.313877,25.571,0.755305,2.722365,26.993,0.696867,1.693773,27.996
67.0,0.889994,3.380517,24.558,0.755964,2.579352,25.986,0.699214,1.655711,26.971
68.0,0.887145,3.177469,23.578,0.756195,2.841314,24.973,0.700178,1.749457,25.958
69.0,0.892446,3.555366,22.535,0.754729,2.560491,23.999,0.698766,1.655711,24.974
70.0,0.89116,3.028191,21.547,0.75512,2.657536,22.995,0.699302,1.677864,23.978
